kuchikomi,goods,maker,brand,address,tel,company_site
179,ジェルトゥウォーター クレンザー,,,"","",""
587,ジェニフィック アドバンスト N,,,"","",""
590,キス シュガー スクラブ,,,"","",""
679,N.M.FアクアアンプルマスクJEX,,,"","",""
751,スピーディーマスカラリムーバー,,,"","",""
1092,ディープクリア 洗顔パウダー,,,"","",""
1629,アルティム8∞ スブリム ビューティ クレンジング オイルNEW,,,"","",""
1914,モイスチャライジングセラム,,,"","",""
1994,UVイデア XL プロテクショントーンアップ,,,"","",""
2004,コンフォート リップオイルNEW,,,"","",""
2391,リッチケア＆カラーリップ,,,"","",""
2572,アドバンス ナイト リペア SR コンプレックス II,,,"","",""
2684,オルビスユー ローション,,,"","",""
2781,ザ・タイムR アクア,,,"","",""
4172,マイルドクレンジング オイル,,,"","",""
12084,リップティント N,,,"","",""
17961,フェイシャル トリートメント エッセンス,,,"","",""
18110,ディオール アディクト リップ マキシマイザー,,,"","",""
21009,ハトムギ化粧水,,,"","",""
25332,アルビオン 薬用スキンコンディショナー エッセンシャル,,,"","",""
